{"cameraMode":{"drawMode":0,"name":"Shaded","section":"Shading Mode"},"sceneLighting":true,"audioPlay":false,"sceneViewState":{"m_AlwaysRefresh":false,"showFog":true,"showSkybox":true,"showFlares":true,"showImageEffects":true,"showParticleSystems":true,"showVisualEffectGraphs":true,"m_FxEnabled":true},"in2DMode":false,"pivot":{"x":328.7629089355469,"y":183.65255737304688,"z":98.90826416015625},"rotation":{"x":-0.000018778504454530776,"y":0.9999803900718689,"z":-0.003309691557660699,"w":-0.005698944441974163},"size":191.3236846923828,"orthographic":false}